SRR27013311_Genome_Sequencing_of_Listeria_monocytogenes_SA_outbreak_2017	#FILE	SEQUENCE	START	END	STRAND	GENE	COVERAGE	COVERAGE_MAP	GAPS	%COVERAGE	%IDENTITY	DATABASE	ACCESSION	PRODUCT	RESISTANCE
SRR27013311_Genome_Sequencing_of_Listeria_monocytogenes_SA_outbreak_2017	/home/maa/himabindu/results/SPAdes_output/SRR27013311_Genome_Sequencing_of_Listeria_monocytogenes_SA_outbreak_2017/contigs.fasta	NODE_36_length_29851_cov_18.263323	11831	12232	+	FosX	1-402/402	===============	0/0	100	100	card	FFFO01000009.1:81760-82162	FosX is an enzyme used to confer resistance to fosfomycin. It's dependent on the cofactor manganese (II) and uses water to generate a vicinal diol.	fosfomycin
SRR27013311_Genome_Sequencing_of_Listeria_monocytogenes_SA_outbreak_2017	/home/maa/himabindu/results/SPAdes_output/SRR27013311_Genome_Sequencing_of_Listeria_monocytogenes_SA_outbreak_2017/contigs.fasta	NODE_36_length_29851_cov_18.263323	16441	19038	+	Listeria_monocytogenes_mprF	1-2598/2598	===============	0/0	100	95.53	card	AL591981.1:8291-5693	MprF is a integral membrane protein that modifies the negatively-charged phosphatidylglycerol on the membrane surface. This confers resistance to cationic peptides that disrupt the cell membrane including defensins.	peptide
SRR27013311_Genome_Sequencing_of_Listeria_monocytogenes_SA_outbreak_2017	/home/maa/himabindu/results/SPAdes_output/SRR27013311_Genome_Sequencing_of_Listeria_monocytogenes_SA_outbreak_2017/contigs.fasta	NODE_4_length_140319_cov_20.094021	52580	54151	-	lin	1-1572/1572	===============	0/0	100	94.66	card	CP002003.1:954744-956316	Listeria monocytogenes EGD-e lin gene for lincomycin resistance ABC-F type ribosomal protection protein complete CDS.	lincosamide
SRR27013311_Genome_Sequencing_of_Listeria_monocytogenes_SA_outbreak_2017	/home/maa/himabindu/results/SPAdes_output/SRR27013311_Genome_Sequencing_of_Listeria_monocytogenes_SA_outbreak_2017/contigs.fasta	NODE_5_length_92531_cov_24.207199	57431	58831	+	norB	1-1401/1401	===============	0/0	100	94.86	card	HE999704.1:2736181-2734780	NorB is a multidrug efflux pump in Staphylococcus aureus that confers resistance to fluoroquinolones and other structurally unrelated antibiotics like tetracycline. It shares 30% similarity with NorB and is a structural homolog of Blt of Bacillus subtilis. It is regulated by mgrA also known as NorR.	fluoroquinolone
SRR27013312_Genome_Sequencing_of_Listeria_monocytogenes_SA_outbreak_2017	#FILE	SEQUENCE	START	END	STRAND	GENE	COVERAGE	COVERAGE_MAP	GAPS	%COVERAGE	%IDENTITY	DATABASE	ACCESSION	PRODUCT	RESISTANCE
SRR27013312_Genome_Sequencing_of_Listeria_monocytogenes_SA_outbreak_2017	/home/maa/himabindu/results/SPAdes_output/SRR27013312_Genome_Sequencing_of_Listeria_monocytogenes_SA_outbreak_2017/contigs.fasta	NODE_1_length_281737_cov_33.308949	220907	222307	-	norB	1-1401/1401	===============	0/0	100	94.86	card	HE999704.1:2736181-2734780	NorB is a multidrug efflux pump in Staphylococcus aureus that confers resistance to fluoroquinolones and other structurally unrelated antibiotics like tetracycline. It shares 30% similarity with NorB and is a structural homolog of Blt of Bacillus subtilis. It is regulated by mgrA also known as NorR.	fluoroquinolone
SRR27013312_Genome_Sequencing_of_Listeria_monocytogenes_SA_outbreak_2017	/home/maa/himabindu/results/SPAdes_output/SRR27013312_Genome_Sequencing_of_Listeria_monocytogenes_SA_outbreak_2017/contigs.fasta	NODE_26_length_29740_cov_22.714821	11720	12121	+	FosX	1-402/402	===============	0/0	100	100	card	FFFO01000009.1:81760-82162	FosX is an enzyme used to confer resistance to fosfomycin. It's dependent on the cofactor manganese (II) and uses water to generate a vicinal diol.	fosfomycin
SRR27013312_Genome_Sequencing_of_Listeria_monocytogenes_SA_outbreak_2017	/home/maa/himabindu/results/SPAdes_output/SRR27013312_Genome_Sequencing_of_Listeria_monocytogenes_SA_outbreak_2017/contigs.fasta	NODE_26_length_29740_cov_22.714821	16330	18927	+	Listeria_monocytogenes_mprF	1-2598/2598	===============	0/0	100	95.53	card	AL591981.1:8291-5693	MprF is a integral membrane protein that modifies the negatively-charged phosphatidylglycerol on the membrane surface. This confers resistance to cationic peptides that disrupt the cell membrane including defensins.	peptide
SRR27013312_Genome_Sequencing_of_Listeria_monocytogenes_SA_outbreak_2017	/home/maa/himabindu/results/SPAdes_output/SRR27013312_Genome_Sequencing_of_Listeria_monocytogenes_SA_outbreak_2017/contigs.fasta	NODE_9_length_117707_cov_25.343383	67011	68582	+	lin	1-1572/1572	===============	0/0	100	94.66	card	CP002003.1:954744-956316	Listeria monocytogenes EGD-e lin gene for lincomycin resistance ABC-F type ribosomal protection protein complete CDS.	lincosamide
SRR27013313_Genome_Sequencing_of_Listeria_monocytogenes_SA_outbreak_2017	#FILE	SEQUENCE	START	END	STRAND	GENE	COVERAGE	COVERAGE_MAP	GAPS	%COVERAGE	%IDENTITY	DATABASE	ACCESSION	PRODUCT	RESISTANCE
SRR27013313_Genome_Sequencing_of_Listeria_monocytogenes_SA_outbreak_2017	/home/maa/himabindu/results/SPAdes_output/SRR27013313_Genome_Sequencing_of_Listeria_monocytogenes_SA_outbreak_2017/contigs.fasta	NODE_10_length_108657_cov_29.826315	40136	41707	-	lin	1-1572/1572	===============	0/0	100	94.66	card	CP002003.1:954744-956316	Listeria monocytogenes EGD-e lin gene for lincomycin resistance ABC-F type ribosomal protection protein complete CDS.	lincosamide
SRR27013313_Genome_Sequencing_of_Listeria_monocytogenes_SA_outbreak_2017	/home/maa/himabindu/results/SPAdes_output/SRR27013313_Genome_Sequencing_of_Listeria_monocytogenes_SA_outbreak_2017/contigs.fasta	NODE_22_length_27267_cov_27.282461	10814	13411	-	Listeria_monocytogenes_mprF	1-2598/2598	===============	0/0	100	95.53	card	AL591981.1:8291-5693	MprF is a integral membrane protein that modifies the negatively-charged phosphatidylglycerol on the membrane surface. This confers resistance to cationic peptides that disrupt the cell membrane including defensins.	peptide
SRR27013313_Genome_Sequencing_of_Listeria_monocytogenes_SA_outbreak_2017	/home/maa/himabindu/results/SPAdes_output/SRR27013313_Genome_Sequencing_of_Listeria_monocytogenes_SA_outbreak_2017/contigs.fasta	NODE_22_length_27267_cov_27.282461	17620	18021	-	FosX	1-402/402	===============	0/0	100	100	card	FFFO01000009.1:81760-82162	FosX is an enzyme used to confer resistance to fosfomycin. It's dependent on the cofactor manganese (II) and uses water to generate a vicinal diol.	fosfomycin
SRR27013313_Genome_Sequencing_of_Listeria_monocytogenes_SA_outbreak_2017	/home/maa/himabindu/results/SPAdes_output/SRR27013313_Genome_Sequencing_of_Listeria_monocytogenes_SA_outbreak_2017/contigs.fasta	NODE_3_length_291490_cov_38.312054	59376	60776	+	norB	1-1401/1401	===============	0/0	100	94.86	card	HE999704.1:2736181-2734780	NorB is a multidrug efflux pump in Staphylococcus aureus that confers resistance to fluoroquinolones and other structurally unrelated antibiotics like tetracycline. It shares 30% similarity with NorB and is a structural homolog of Blt of Bacillus subtilis. It is regulated by mgrA also known as NorR.	fluoroquinolone
SRR27013314_Genome_Sequencing_of_Listeria_monocytogenes_SA_outbreak_2017	#FILE	SEQUENCE	START	END	STRAND	GENE	COVERAGE	COVERAGE_MAP	GAPS	%COVERAGE	%IDENTITY	DATABASE	ACCESSION	PRODUCT	RESISTANCE
SRR27013314_Genome_Sequencing_of_Listeria_monocytogenes_SA_outbreak_2017	/home/maa/himabindu/results/SPAdes_output/SRR27013314_Genome_Sequencing_of_Listeria_monocytogenes_SA_outbreak_2017/contigs.fasta	NODE_13_length_97976_cov_26.405553	10814	13411	-	Listeria_monocytogenes_mprF	1-2598/2598	===============	0/0	100	95.53	card	AL591981.1:8291-5693	MprF is a integral membrane protein that modifies the negatively-charged phosphatidylglycerol on the membrane surface. This confers resistance to cationic peptides that disrupt the cell membrane including defensins.	peptide
SRR27013314_Genome_Sequencing_of_Listeria_monocytogenes_SA_outbreak_2017	/home/maa/himabindu/results/SPAdes_output/SRR27013314_Genome_Sequencing_of_Listeria_monocytogenes_SA_outbreak_2017/contigs.fasta	NODE_13_length_97976_cov_26.405553	17620	18021	-	FosX	1-402/402	===============	0/0	100	100	card	FFFO01000009.1:81760-82162	FosX is an enzyme used to confer resistance to fosfomycin. It's dependent on the cofactor manganese (II) and uses water to generate a vicinal diol.	fosfomycin
SRR27013314_Genome_Sequencing_of_Listeria_monocytogenes_SA_outbreak_2017	/home/maa/himabindu/results/SPAdes_output/SRR27013314_Genome_Sequencing_of_Listeria_monocytogenes_SA_outbreak_2017/contigs.fasta	NODE_1_length_310216_cov_31.757305	230715	232115	-	norB	1-1401/1401	===============	0/0	100	94.86	card	HE999704.1:2736181-2734780	NorB is a multidrug efflux pump in Staphylococcus aureus that confers resistance to fluoroquinolones and other structurally unrelated antibiotics like tetracycline. It shares 30% similarity with NorB and is a structural homolog of Blt of Bacillus subtilis. It is regulated by mgrA also known as NorR.	fluoroquinolone
SRR27013314_Genome_Sequencing_of_Listeria_monocytogenes_SA_outbreak_2017	/home/maa/himabindu/results/SPAdes_output/SRR27013314_Genome_Sequencing_of_Listeria_monocytogenes_SA_outbreak_2017/contigs.fasta	NODE_2_length_268913_cov_24.656444	149997	151568	-	lin	1-1572/1572	===============	0/0	100	94.66	card	CP002003.1:954744-956316	Listeria monocytogenes EGD-e lin gene for lincomycin resistance ABC-F type ribosomal protection protein complete CDS.	lincosamide
SRR27013315_Genome_Sequencing_of_Listeria_monocytogenes_SA_outbreak_2017	#FILE	SEQUENCE	START	END	STRAND	GENE	COVERAGE	COVERAGE_MAP	GAPS	%COVERAGE	%IDENTITY	DATABASE	ACCESSION	PRODUCT	RESISTANCE
SRR27013315_Genome_Sequencing_of_Listeria_monocytogenes_SA_outbreak_2017	/home/maa/himabindu/results/SPAdes_output/SRR27013315_Genome_Sequencing_of_Listeria_monocytogenes_SA_outbreak_2017/contigs.fasta	NODE_14_length_63396_cov_31.213628	46251	46652	+	FosX	1-402/402	===============	0/0	100	100	card	FFFO01000009.1:81760-82162	FosX is an enzyme used to confer resistance to fosfomycin. It's dependent on the cofactor manganese (II) and uses water to generate a vicinal diol.	fosfomycin
SRR27013315_Genome_Sequencing_of_Listeria_monocytogenes_SA_outbreak_2017	/home/maa/himabindu/results/SPAdes_output/SRR27013315_Genome_Sequencing_of_Listeria_monocytogenes_SA_outbreak_2017/contigs.fasta	NODE_14_length_63396_cov_31.213628	50861	53458	+	Listeria_monocytogenes_mprF	1-2598/2598	===============	0/0	100	95.53	card	AL591981.1:8291-5693	MprF is a integral membrane protein that modifies the negatively-charged phosphatidylglycerol on the membrane surface. This confers resistance to cationic peptides that disrupt the cell membrane including defensins.	peptide
SRR27013315_Genome_Sequencing_of_Listeria_monocytogenes_SA_outbreak_2017	/home/maa/himabindu/results/SPAdes_output/SRR27013315_Genome_Sequencing_of_Listeria_monocytogenes_SA_outbreak_2017/contigs.fasta	NODE_2_length_191001_cov_29.273065	117133	118704	+	lin	1-1572/1572	===============	0/0	100	94.66	card	CP002003.1:954744-956316	Listeria monocytogenes EGD-e lin gene for lincomycin resistance ABC-F type ribosomal protection protein complete CDS.	lincosamide
SRR27013315_Genome_Sequencing_of_Listeria_monocytogenes_SA_outbreak_2017	/home/maa/himabindu/results/SPAdes_output/SRR27013315_Genome_Sequencing_of_Listeria_monocytogenes_SA_outbreak_2017/contigs.fasta	NODE_7_length_96983_cov_36.940035	38154	39554	-	norB	1-1401/1401	===============	0/0	100	94.86	card	HE999704.1:2736181-2734780	NorB is a multidrug efflux pump in Staphylococcus aureus that confers resistance to fluoroquinolones and other structurally unrelated antibiotics like tetracycline. It shares 30% similarity with NorB and is a structural homolog of Blt of Bacillus subtilis. It is regulated by mgrA also known as NorR.	fluoroquinolone
SRR27013316_Genome_Sequencing_of_Listeria_monocytogenes_SA_outbreak_2017	#FILE	SEQUENCE	START	END	STRAND	GENE	COVERAGE	COVERAGE_MAP	GAPS	%COVERAGE	%IDENTITY	DATABASE	ACCESSION	PRODUCT	RESISTANCE
SRR27013316_Genome_Sequencing_of_Listeria_monocytogenes_SA_outbreak_2017	/home/maa/himabindu/results/SPAdes_output/SRR27013316_Genome_Sequencing_of_Listeria_monocytogenes_SA_outbreak_2017/contigs.fasta	NODE_13_length_97976_cov_31.568171	10814	13411	-	Listeria_monocytogenes_mprF	1-2598/2598	===============	0/0	100	95.53	card	AL591981.1:8291-5693	MprF is a integral membrane protein that modifies the negatively-charged phosphatidylglycerol on the membrane surface. This confers resistance to cationic peptides that disrupt the cell membrane including defensins.	peptide
SRR27013316_Genome_Sequencing_of_Listeria_monocytogenes_SA_outbreak_2017	/home/maa/himabindu/results/SPAdes_output/SRR27013316_Genome_Sequencing_of_Listeria_monocytogenes_SA_outbreak_2017/contigs.fasta	NODE_13_length_97976_cov_31.568171	17620	18021	-	FosX	1-402/402	===============	0/0	100	100	card	FFFO01000009.1:81760-82162	FosX is an enzyme used to confer resistance to fosfomycin. It's dependent on the cofactor manganese (II) and uses water to generate a vicinal diol.	fosfomycin
SRR27013316_Genome_Sequencing_of_Listeria_monocytogenes_SA_outbreak_2017	/home/maa/himabindu/results/SPAdes_output/SRR27013316_Genome_Sequencing_of_Listeria_monocytogenes_SA_outbreak_2017/contigs.fasta	NODE_1_length_283164_cov_40.893233	57429	58829	+	norB	1-1401/1401	===============	0/0	100	94.86	card	HE999704.1:2736181-2734780	NorB is a multidrug efflux pump in Staphylococcus aureus that confers resistance to fluoroquinolones and other structurally unrelated antibiotics like tetracycline. It shares 30% similarity with NorB and is a structural homolog of Blt of Bacillus subtilis. It is regulated by mgrA also known as NorR.	fluoroquinolone
SRR27013316_Genome_Sequencing_of_Listeria_monocytogenes_SA_outbreak_2017	/home/maa/himabindu/results/SPAdes_output/SRR27013316_Genome_Sequencing_of_Listeria_monocytogenes_SA_outbreak_2017/contigs.fasta	NODE_8_length_139999_cov_30.804214	117164	118735	+	lin	1-1572/1572	===============	0/0	100	94.66	card	CP002003.1:954744-956316	Listeria monocytogenes EGD-e lin gene for lincomycin resistance ABC-F type ribosomal protection protein complete CDS.	lincosamide
SRR27013325_Genome_Sequencing_of_Listeria_monocytogenes_SA_outbreak_2017	#FILE	SEQUENCE	START	END	STRAND	GENE	COVERAGE	COVERAGE_MAP	GAPS	%COVERAGE	%IDENTITY	DATABASE	ACCESSION	PRODUCT	RESISTANCE
SRR27013325_Genome_Sequencing_of_Listeria_monocytogenes_SA_outbreak_2017	/home/maa/himabindu/results/SPAdes_output/SRR27013325_Genome_Sequencing_of_Listeria_monocytogenes_SA_outbreak_2017/contigs.fasta	NODE_10_length_97976_cov_36.055984	79956	80357	+	FosX	1-402/402	===============	0/0	100	100	card	FFFO01000009.1:81760-82162	FosX is an enzyme used to confer resistance to fosfomycin. It's dependent on the cofactor manganese (II) and uses water to generate a vicinal diol.	fosfomycin
SRR27013325_Genome_Sequencing_of_Listeria_monocytogenes_SA_outbreak_2017	/home/maa/himabindu/results/SPAdes_output/SRR27013325_Genome_Sequencing_of_Listeria_monocytogenes_SA_outbreak_2017/contigs.fasta	NODE_10_length_97976_cov_36.055984	84566	87163	+	Listeria_monocytogenes_mprF	1-2598/2598	===============	0/0	100	95.53	card	AL591981.1:8291-5693	MprF is a integral membrane protein that modifies the negatively-charged phosphatidylglycerol on the membrane surface. This confers resistance to cationic peptides that disrupt the cell membrane including defensins.	peptide
SRR27013325_Genome_Sequencing_of_Listeria_monocytogenes_SA_outbreak_2017	/home/maa/himabindu/results/SPAdes_output/SRR27013325_Genome_Sequencing_of_Listeria_monocytogenes_SA_outbreak_2017/contigs.fasta	NODE_1_length_309301_cov_45.450714	77187	78587	+	norB	1-1401/1401	===============	0/0	100	94.86	card	HE999704.1:2736181-2734780	NorB is a multidrug efflux pump in Staphylococcus aureus that confers resistance to fluoroquinolones and other structurally unrelated antibiotics like tetracycline. It shares 30% similarity with NorB and is a structural homolog of Blt of Bacillus subtilis. It is regulated by mgrA also known as NorR.	fluoroquinolone
SRR27013325_Genome_Sequencing_of_Listeria_monocytogenes_SA_outbreak_2017	/home/maa/himabindu/results/SPAdes_output/SRR27013325_Genome_Sequencing_of_Listeria_monocytogenes_SA_outbreak_2017/contigs.fasta	NODE_3_length_240919_cov_33.001669	92963	94534	+	lin	1-1572/1572	===============	0/0	100	94.66	card	CP002003.1:954744-956316	Listeria monocytogenes EGD-e lin gene for lincomycin resistance ABC-F type ribosomal protection protein complete CDS.	lincosamide
SRR27013326_Genome_Sequencing_of_Listeria_monocytogenes_SA_outbreak_2017	#FILE	SEQUENCE	START	END	STRAND	GENE	COVERAGE	COVERAGE_MAP	GAPS	%COVERAGE	%IDENTITY	DATABASE	ACCESSION	PRODUCT	RESISTANCE
SRR27013326_Genome_Sequencing_of_Listeria_monocytogenes_SA_outbreak_2017	/home/maa/himabindu/results/SPAdes_output/SRR27013326_Genome_Sequencing_of_Listeria_monocytogenes_SA_outbreak_2017/contigs.fasta	NODE_13_length_97976_cov_31.112020	10814	13411	-	Listeria_monocytogenes_mprF	1-2598/2598	===============	0/0	100	95.53	card	AL591981.1:8291-5693	MprF is a integral membrane protein that modifies the negatively-charged phosphatidylglycerol on the membrane surface. This confers resistance to cationic peptides that disrupt the cell membrane including defensins.	peptide
SRR27013326_Genome_Sequencing_of_Listeria_monocytogenes_SA_outbreak_2017	/home/maa/himabindu/results/SPAdes_output/SRR27013326_Genome_Sequencing_of_Listeria_monocytogenes_SA_outbreak_2017/contigs.fasta	NODE_13_length_97976_cov_31.112020	17620	18021	-	FosX	1-402/402	===============	0/0	100	100	card	FFFO01000009.1:81760-82162	FosX is an enzyme used to confer resistance to fosfomycin. It's dependent on the cofactor manganese (II) and uses water to generate a vicinal diol.	fosfomycin
SRR27013326_Genome_Sequencing_of_Listeria_monocytogenes_SA_outbreak_2017	/home/maa/himabindu/results/SPAdes_output/SRR27013326_Genome_Sequencing_of_Listeria_monocytogenes_SA_outbreak_2017/contigs.fasta	NODE_1_length_291567_cov_39.552635	59453	60853	+	norB	1-1401/1401	===============	0/0	100	94.86	card	HE999704.1:2736181-2734780	NorB is a multidrug efflux pump in Staphylococcus aureus that confers resistance to fluoroquinolones and other structurally unrelated antibiotics like tetracycline. It shares 30% similarity with NorB and is a structural homolog of Blt of Bacillus subtilis. It is regulated by mgrA also known as NorR.	fluoroquinolone
SRR27013326_Genome_Sequencing_of_Listeria_monocytogenes_SA_outbreak_2017	/home/maa/himabindu/results/SPAdes_output/SRR27013326_Genome_Sequencing_of_Listeria_monocytogenes_SA_outbreak_2017/contigs.fasta	NODE_7_length_173433_cov_28.450336	93629	95200	+	lin	1-1572/1572	===============	0/0	100	94.66	card	CP002003.1:954744-956316	Listeria monocytogenes EGD-e lin gene for lincomycin resistance ABC-F type ribosomal protection protein complete CDS.	lincosamide
SRR27013327_Genome_Sequencing_of_Listeria_monocytogenes_SA_outbreak_2017	#FILE	SEQUENCE	START	END	STRAND	GENE	COVERAGE	COVERAGE_MAP	GAPS	%COVERAGE	%IDENTITY	DATABASE	ACCESSION	PRODUCT	RESISTANCE
SRR27013327_Genome_Sequencing_of_Listeria_monocytogenes_SA_outbreak_2017	/home/maa/himabindu/results/SPAdes_output/SRR27013327_Genome_Sequencing_of_Listeria_monocytogenes_SA_outbreak_2017/contigs.fasta	NODE_10_length_97976_cov_29.784331	79956	80357	+	FosX	1-402/402	===============	0/0	100	100	card	FFFO01000009.1:81760-82162	FosX is an enzyme used to confer resistance to fosfomycin. It's dependent on the cofactor manganese (II) and uses water to generate a vicinal diol.	fosfomycin
SRR27013327_Genome_Sequencing_of_Listeria_monocytogenes_SA_outbreak_2017	/home/maa/himabindu/results/SPAdes_output/SRR27013327_Genome_Sequencing_of_Listeria_monocytogenes_SA_outbreak_2017/contigs.fasta	NODE_10_length_97976_cov_29.784331	84566	87163	+	Listeria_monocytogenes_mprF	1-2598/2598	===============	0/0	100	95.53	card	AL591981.1:8291-5693	MprF is a integral membrane protein that modifies the negatively-charged phosphatidylglycerol on the membrane surface. This confers resistance to cationic peptides that disrupt the cell membrane including defensins.	peptide
SRR27013327_Genome_Sequencing_of_Listeria_monocytogenes_SA_outbreak_2017	/home/maa/himabindu/results/SPAdes_output/SRR27013327_Genome_Sequencing_of_Listeria_monocytogenes_SA_outbreak_2017/contigs.fasta	NODE_2_length_293927_cov_26.151300	117184	118755	+	lin	1-1572/1572	===============	0/0	100	94.66	card	CP002003.1:954744-956316	Listeria monocytogenes EGD-e lin gene for lincomycin resistance ABC-F type ribosomal protection protein complete CDS.	lincosamide
SRR27013327_Genome_Sequencing_of_Listeria_monocytogenes_SA_outbreak_2017	/home/maa/himabindu/results/SPAdes_output/SRR27013327_Genome_Sequencing_of_Listeria_monocytogenes_SA_outbreak_2017/contigs.fasta	NODE_3_length_291512_cov_38.509398	59398	60798	+	norB	1-1401/1401	===============	0/0	100	94.86	card	HE999704.1:2736181-2734780	NorB is a multidrug efflux pump in Staphylococcus aureus that confers resistance to fluoroquinolones and other structurally unrelated antibiotics like tetracycline. It shares 30% similarity with NorB and is a structural homolog of Blt of Bacillus subtilis. It is regulated by mgrA also known as NorR.	fluoroquinolone
SRR27013328_Genome_Sequencing_of_Listeria_monocytogenes_SA_outbreak_2017	#FILE	SEQUENCE	START	END	STRAND	GENE	COVERAGE	COVERAGE_MAP	GAPS	%COVERAGE	%IDENTITY	DATABASE	ACCESSION	PRODUCT	RESISTANCE
SRR27013328_Genome_Sequencing_of_Listeria_monocytogenes_SA_outbreak_2017	/home/maa/himabindu/results/SPAdes_output/SRR27013328_Genome_Sequencing_of_Listeria_monocytogenes_SA_outbreak_2017/contigs.fasta	NODE_10_length_97976_cov_28.605392	79956	80357	+	FosX	1-402/402	===============	0/0	100	100	card	FFFO01000009.1:81760-82162	FosX is an enzyme used to confer resistance to fosfomycin. It's dependent on the cofactor manganese (II) and uses water to generate a vicinal diol.	fosfomycin
SRR27013328_Genome_Sequencing_of_Listeria_monocytogenes_SA_outbreak_2017	/home/maa/himabindu/results/SPAdes_output/SRR27013328_Genome_Sequencing_of_Listeria_monocytogenes_SA_outbreak_2017/contigs.fasta	NODE_10_length_97976_cov_28.605392	84566	87163	+	Listeria_monocytogenes_mprF	1-2598/2598	===============	0/0	100	95.53	card	AL591981.1:8291-5693	MprF is a integral membrane protein that modifies the negatively-charged phosphatidylglycerol on the membrane surface. This confers resistance to cationic peptides that disrupt the cell membrane including defensins.	peptide
SRR27013328_Genome_Sequencing_of_Listeria_monocytogenes_SA_outbreak_2017	/home/maa/himabindu/results/SPAdes_output/SRR27013328_Genome_Sequencing_of_Listeria_monocytogenes_SA_outbreak_2017/contigs.fasta	NODE_11_length_94483_cov_33.793431	59389	60789	+	norB	1-1401/1401	===============	0/0	100	94.86	card	HE999704.1:2736181-2734780	NorB is a multidrug efflux pump in Staphylococcus aureus that confers resistance to fluoroquinolones and other structurally unrelated antibiotics like tetracycline. It shares 30% similarity with NorB and is a structural homolog of Blt of Bacillus subtilis. It is regulated by mgrA also known as NorR.	fluoroquinolone
SRR27013328_Genome_Sequencing_of_Listeria_monocytogenes_SA_outbreak_2017	/home/maa/himabindu/results/SPAdes_output/SRR27013328_Genome_Sequencing_of_Listeria_monocytogenes_SA_outbreak_2017/contigs.fasta	NODE_2_length_219147_cov_26.547379	100060	101631	-	lin	1-1572/1572	===============	0/0	100	94.66	card	CP002003.1:954744-956316	Listeria monocytogenes EGD-e lin gene for lincomycin resistance ABC-F type ribosomal protection protein complete CDS.	lincosamide
SRR27013329_Genome_Sequencing_of_Listeria_monocytogenes_SA_outbreak_2017	#FILE	SEQUENCE	START	END	STRAND	GENE	COVERAGE	COVERAGE_MAP	GAPS	%COVERAGE	%IDENTITY	DATABASE	ACCESSION	PRODUCT	RESISTANCE
SRR27013329_Genome_Sequencing_of_Listeria_monocytogenes_SA_outbreak_2017	/home/maa/himabindu/results/SPAdes_output/SRR27013329_Genome_Sequencing_of_Listeria_monocytogenes_SA_outbreak_2017/contigs.fasta	NODE_1_length_289718_cov_43.266704	230715	232115	-	norB	1-1401/1401	===============	0/0	100	94.86	card	HE999704.1:2736181-2734780	NorB is a multidrug efflux pump in Staphylococcus aureus that confers resistance to fluoroquinolones and other structurally unrelated antibiotics like tetracycline. It shares 30% similarity with NorB and is a structural homolog of Blt of Bacillus subtilis. It is regulated by mgrA also known as NorR.	fluoroquinolone
SRR27013329_Genome_Sequencing_of_Listeria_monocytogenes_SA_outbreak_2017	/home/maa/himabindu/results/SPAdes_output/SRR27013329_Genome_Sequencing_of_Listeria_monocytogenes_SA_outbreak_2017/contigs.fasta	NODE_24_length_29856_cov_32.522924	10814	13411	-	Listeria_monocytogenes_mprF	1-2598/2598	===============	0/0	100	95.53	card	AL591981.1:8291-5693	MprF is a integral membrane protein that modifies the negatively-charged phosphatidylglycerol on the membrane surface. This confers resistance to cationic peptides that disrupt the cell membrane including defensins.	peptide
SRR27013329_Genome_Sequencing_of_Listeria_monocytogenes_SA_outbreak_2017	/home/maa/himabindu/results/SPAdes_output/SRR27013329_Genome_Sequencing_of_Listeria_monocytogenes_SA_outbreak_2017/contigs.fasta	NODE_24_length_29856_cov_32.522924	17620	18021	-	FosX	1-402/402	===============	0/0	100	100	card	FFFO01000009.1:81760-82162	FosX is an enzyme used to confer resistance to fosfomycin. It's dependent on the cofactor manganese (II) and uses water to generate a vicinal diol.	fosfomycin
SRR27013329_Genome_Sequencing_of_Listeria_monocytogenes_SA_outbreak_2017	/home/maa/himabindu/results/SPAdes_output/SRR27013329_Genome_Sequencing_of_Listeria_monocytogenes_SA_outbreak_2017/contigs.fasta	NODE_2_length_265454_cov_35.194552	117088	118659	+	lin	1-1572/1572	===============	0/0	100	94.66	card	CP002003.1:954744-956316	Listeria monocytogenes EGD-e lin gene for lincomycin resistance ABC-F type ribosomal protection protein complete CDS.	lincosamide
SRR27013330_Genome_Sequencing_of_Listeria_monocytogenes_SA_outbreak_2017	#FILE	SEQUENCE	START	END	STRAND	GENE	COVERAGE	COVERAGE_MAP	GAPS	%COVERAGE	%IDENTITY	DATABASE	ACCESSION	PRODUCT	RESISTANCE
SRR27013330_Genome_Sequencing_of_Listeria_monocytogenes_SA_outbreak_2017	/home/maa/himabindu/results/SPAdes_output/SRR27013330_Genome_Sequencing_of_Listeria_monocytogenes_SA_outbreak_2017/contigs.fasta	NODE_12_length_97976_cov_40.488181	79956	80357	+	FosX	1-402/402	===============	0/0	100	100	card	FFFO01000009.1:81760-82162	FosX is an enzyme used to confer resistance to fosfomycin. It's dependent on the cofactor manganese (II) and uses water to generate a vicinal diol.	fosfomycin
SRR27013330_Genome_Sequencing_of_Listeria_monocytogenes_SA_outbreak_2017	/home/maa/himabindu/results/SPAdes_output/SRR27013330_Genome_Sequencing_of_Listeria_monocytogenes_SA_outbreak_2017/contigs.fasta	NODE_12_length_97976_cov_40.488181	84566	87163	+	Listeria_monocytogenes_mprF	1-2598/2598	===============	0/0	100	95.53	card	AL591981.1:8291-5693	MprF is a integral membrane protein that modifies the negatively-charged phosphatidylglycerol on the membrane surface. This confers resistance to cationic peptides that disrupt the cell membrane including defensins.	peptide
SRR27013330_Genome_Sequencing_of_Listeria_monocytogenes_SA_outbreak_2017	/home/maa/himabindu/results/SPAdes_output/SRR27013330_Genome_Sequencing_of_Listeria_monocytogenes_SA_outbreak_2017/contigs.fasta	NODE_1_length_294781_cov_36.721500	119940	121511	+	lin	1-1572/1572	===============	0/0	100	94.66	card	CP002003.1:954744-956316	Listeria monocytogenes EGD-e lin gene for lincomycin resistance ABC-F type ribosomal protection protein complete CDS.	lincosamide
SRR27013330_Genome_Sequencing_of_Listeria_monocytogenes_SA_outbreak_2017	/home/maa/himabindu/results/SPAdes_output/SRR27013330_Genome_Sequencing_of_Listeria_monocytogenes_SA_outbreak_2017/contigs.fasta	NODE_2_length_291540_cov_48.129775	59426	60826	+	norB	1-1401/1401	===============	0/0	100	94.86	card	HE999704.1:2736181-2734780	NorB is a multidrug efflux pump in Staphylococcus aureus that confers resistance to fluoroquinolones and other structurally unrelated antibiotics like tetracycline. It shares 30% similarity with NorB and is a structural homolog of Blt of Bacillus subtilis. It is regulated by mgrA also known as NorR.	fluoroquinolone
SRR27013331_Genome_Sequencing_of_Listeria_monocytogenes_SA_outbreak_2017	#FILE	SEQUENCE	START	END	STRAND	GENE	COVERAGE	COVERAGE_MAP	GAPS	%COVERAGE	%IDENTITY	DATABASE	ACCESSION	PRODUCT	RESISTANCE
SRR27013331_Genome_Sequencing_of_Listeria_monocytogenes_SA_outbreak_2017	/home/maa/himabindu/results/SPAdes_output/SRR27013331_Genome_Sequencing_of_Listeria_monocytogenes_SA_outbreak_2017/contigs.fasta	NODE_13_length_97943_cov_40.930369	79923	80324	+	FosX	1-402/402	===============	0/0	100	100	card	FFFO01000009.1:81760-82162	FosX is an enzyme used to confer resistance to fosfomycin. It's dependent on the cofactor manganese (II) and uses water to generate a vicinal diol.	fosfomycin
SRR27013331_Genome_Sequencing_of_Listeria_monocytogenes_SA_outbreak_2017	/home/maa/himabindu/results/SPAdes_output/SRR27013331_Genome_Sequencing_of_Listeria_monocytogenes_SA_outbreak_2017/contigs.fasta	NODE_13_length_97943_cov_40.930369	84533	87130	+	Listeria_monocytogenes_mprF	1-2598/2598	===============	0/0	100	95.53	card	AL591981.1:8291-5693	MprF is a integral membrane protein that modifies the negatively-charged phosphatidylglycerol on the membrane surface. This confers resistance to cationic peptides that disrupt the cell membrane including defensins.	peptide
SRR27013331_Genome_Sequencing_of_Listeria_monocytogenes_SA_outbreak_2017	/home/maa/himabindu/results/SPAdes_output/SRR27013331_Genome_Sequencing_of_Listeria_monocytogenes_SA_outbreak_2017/contigs.fasta	NODE_1_length_302985_cov_37.148849	183789	185360	-	lin	1-1572/1572	===============	0/0	100	94.66	card	CP002003.1:954744-956316	Listeria monocytogenes EGD-e lin gene for lincomycin resistance ABC-F type ribosomal protection protein complete CDS.	lincosamide
SRR27013331_Genome_Sequencing_of_Listeria_monocytogenes_SA_outbreak_2017	/home/maa/himabindu/results/SPAdes_output/SRR27013331_Genome_Sequencing_of_Listeria_monocytogenes_SA_outbreak_2017/contigs.fasta	NODE_4_length_278520_cov_49.106788	219568	220968	-	norB	1-1401/1401	===============	0/0	100	94.86	card	HE999704.1:2736181-2734780	NorB is a multidrug efflux pump in Staphylococcus aureus that confers resistance to fluoroquinolones and other structurally unrelated antibiotics like tetracycline. It shares 30% similarity with NorB and is a structural homolog of Blt of Bacillus subtilis. It is regulated by mgrA also known as NorR.	fluoroquinolone
SRR27013332_Genome_Sequencing_of_Listeria_monocytogenes_SA_outbreak_2017	#FILE	SEQUENCE	START	END	STRAND	GENE	COVERAGE	COVERAGE_MAP	GAPS	%COVERAGE	%IDENTITY	DATABASE	ACCESSION	PRODUCT	RESISTANCE
SRR27013332_Genome_Sequencing_of_Listeria_monocytogenes_SA_outbreak_2017	/home/maa/himabindu/results/SPAdes_output/SRR27013332_Genome_Sequencing_of_Listeria_monocytogenes_SA_outbreak_2017/contigs.fasta	NODE_15_length_97976_cov_38.222537	79956	80357	+	FosX	1-402/402	===============	0/0	100	100	card	FFFO01000009.1:81760-82162	FosX is an enzyme used to confer resistance to fosfomycin. It's dependent on the cofactor manganese (II) and uses water to generate a vicinal diol.	fosfomycin
SRR27013332_Genome_Sequencing_of_Listeria_monocytogenes_SA_outbreak_2017	/home/maa/himabindu/results/SPAdes_output/SRR27013332_Genome_Sequencing_of_Listeria_monocytogenes_SA_outbreak_2017/contigs.fasta	NODE_15_length_97976_cov_38.222537	84566	87163	+	Listeria_monocytogenes_mprF	1-2598/2598	===============	0/0	100	95.53	card	AL591981.1:8291-5693	MprF is a integral membrane protein that modifies the negatively-charged phosphatidylglycerol on the membrane surface. This confers resistance to cationic peptides that disrupt the cell membrane including defensins.	peptide
SRR27013332_Genome_Sequencing_of_Listeria_monocytogenes_SA_outbreak_2017	/home/maa/himabindu/results/SPAdes_output/SRR27013332_Genome_Sequencing_of_Listeria_monocytogenes_SA_outbreak_2017/contigs.fasta	NODE_1_length_291540_cov_44.795682	59426	60826	+	norB	1-1401/1401	===============	0/0	100	94.86	card	HE999704.1:2736181-2734780	NorB is a multidrug efflux pump in Staphylococcus aureus that confers resistance to fluoroquinolones and other structurally unrelated antibiotics like tetracycline. It shares 30% similarity with NorB and is a structural homolog of Blt of Bacillus subtilis. It is regulated by mgrA also known as NorR.	fluoroquinolone
SRR27013332_Genome_Sequencing_of_Listeria_monocytogenes_SA_outbreak_2017	/home/maa/himabindu/results/SPAdes_output/SRR27013332_Genome_Sequencing_of_Listeria_monocytogenes_SA_outbreak_2017/contigs.fasta	NODE_4_length_197475_cov_33.127252	179945	181516	-	lin	1-1572/1572	===============	0/0	100	94.66	card	CP002003.1:954744-956316	Listeria monocytogenes EGD-e lin gene for lincomycin resistance ABC-F type ribosomal protection protein complete CDS.	lincosamide
SRR27013333_Genome_Sequencing_of_Listeria_monocytogenes_SA_outbreak_2017	#FILE	SEQUENCE	START	END	STRAND	GENE	COVERAGE	COVERAGE_MAP	GAPS	%COVERAGE	%IDENTITY	DATABASE	ACCESSION	PRODUCT	RESISTANCE
SRR27013333_Genome_Sequencing_of_Listeria_monocytogenes_SA_outbreak_2017	/home/maa/himabindu/results/SPAdes_output/SRR27013333_Genome_Sequencing_of_Listeria_monocytogenes_SA_outbreak_2017/contigs.fasta	NODE_12_length_97943_cov_41.992711	79923	80324	+	FosX	1-402/402	===============	0/0	100	100	card	FFFO01000009.1:81760-82162	FosX is an enzyme used to confer resistance to fosfomycin. It's dependent on the cofactor manganese (II) and uses water to generate a vicinal diol.	fosfomycin
SRR27013333_Genome_Sequencing_of_Listeria_monocytogenes_SA_outbreak_2017	/home/maa/himabindu/results/SPAdes_output/SRR27013333_Genome_Sequencing_of_Listeria_monocytogenes_SA_outbreak_2017/contigs.fasta	NODE_12_length_97943_cov_41.992711	84533	87130	+	Listeria_monocytogenes_mprF	1-2598/2598	===============	0/0	100	95.53	card	AL591981.1:8291-5693	MprF is a integral membrane protein that modifies the negatively-charged phosphatidylglycerol on the membrane surface. This confers resistance to cationic peptides that disrupt the cell membrane including defensins.	peptide
SRR27013333_Genome_Sequencing_of_Listeria_monocytogenes_SA_outbreak_2017	/home/maa/himabindu/results/SPAdes_output/SRR27013333_Genome_Sequencing_of_Listeria_monocytogenes_SA_outbreak_2017/contigs.fasta	NODE_2_length_299624_cov_37.404238	180632	182203	-	lin	1-1572/1572	===============	0/0	100	94.66	card	CP002003.1:954744-956316	Listeria monocytogenes EGD-e lin gene for lincomycin resistance ABC-F type ribosomal protection protein complete CDS.	lincosamide
SRR27013333_Genome_Sequencing_of_Listeria_monocytogenes_SA_outbreak_2017	/home/maa/himabindu/results/SPAdes_output/SRR27013333_Genome_Sequencing_of_Listeria_monocytogenes_SA_outbreak_2017/contigs.fasta	NODE_4_length_289525_cov_49.892992	57411	58811	+	norB	1-1401/1401	===============	0/0	100	94.86	card	HE999704.1:2736181-2734780	NorB is a multidrug efflux pump in Staphylococcus aureus that confers resistance to fluoroquinolones and other structurally unrelated antibiotics like tetracycline. It shares 30% similarity with NorB and is a structural homolog of Blt of Bacillus subtilis. It is regulated by mgrA also known as NorR.	fluoroquinolone
SRR27013334_Genome_Sequencing_of_Listeria_monocytogenes_SA_outbreak_2017	#FILE	SEQUENCE	START	END	STRAND	GENE	COVERAGE	COVERAGE_MAP	GAPS	%COVERAGE	%IDENTITY	DATABASE	ACCESSION	PRODUCT	RESISTANCE
SRR27013334_Genome_Sequencing_of_Listeria_monocytogenes_SA_outbreak_2017	/home/maa/himabindu/results/SPAdes_output/SRR27013334_Genome_Sequencing_of_Listeria_monocytogenes_SA_outbreak_2017/contigs.fasta	NODE_12_length_97976_cov_51.309456	10814	13411	-	Listeria_monocytogenes_mprF	1-2598/2598	===============	0/0	100	95.53	card	AL591981.1:8291-5693	MprF is a integral membrane protein that modifies the negatively-charged phosphatidylglycerol on the membrane surface. This confers resistance to cationic peptides that disrupt the cell membrane including defensins.	peptide
SRR27013334_Genome_Sequencing_of_Listeria_monocytogenes_SA_outbreak_2017	/home/maa/himabindu/results/SPAdes_output/SRR27013334_Genome_Sequencing_of_Listeria_monocytogenes_SA_outbreak_2017/contigs.fasta	NODE_12_length_97976_cov_51.309456	17620	18021	-	FosX	1-402/402	===============	0/0	100	100	card	FFFO01000009.1:81760-82162	FosX is an enzyme used to confer resistance to fosfomycin. It's dependent on the cofactor manganese (II) and uses water to generate a vicinal diol.	fosfomycin
SRR27013334_Genome_Sequencing_of_Listeria_monocytogenes_SA_outbreak_2017	/home/maa/himabindu/results/SPAdes_output/SRR27013334_Genome_Sequencing_of_Listeria_monocytogenes_SA_outbreak_2017/contigs.fasta	NODE_1_length_309433_cov_57.805995	230715	232115	-	norB	1-1401/1401	===============	0/0	100	94.86	card	HE999704.1:2736181-2734780	NorB is a multidrug efflux pump in Staphylococcus aureus that confers resistance to fluoroquinolones and other structurally unrelated antibiotics like tetracycline. It shares 30% similarity with NorB and is a structural homolog of Blt of Bacillus subtilis. It is regulated by mgrA also known as NorR.	fluoroquinolone
SRR27013334_Genome_Sequencing_of_Listeria_monocytogenes_SA_outbreak_2017	/home/maa/himabindu/results/SPAdes_output/SRR27013334_Genome_Sequencing_of_Listeria_monocytogenes_SA_outbreak_2017/contigs.fasta	NODE_2_length_303309_cov_44.852425	121122	122693	+	lin	1-1572/1572	===============	0/0	100	94.66	card	CP002003.1:954744-956316	Listeria monocytogenes EGD-e lin gene for lincomycin resistance ABC-F type ribosomal protection protein complete CDS.	lincosamide
SRR27013335_Genome_Sequencing_of_Listeria_monocytogenes_SA_outbreak_2017	#FILE	SEQUENCE	START	END	STRAND	GENE	COVERAGE	COVERAGE_MAP	GAPS	%COVERAGE	%IDENTITY	DATABASE	ACCESSION	PRODUCT	RESISTANCE
SRR27013335_Genome_Sequencing_of_Listeria_monocytogenes_SA_outbreak_2017	/home/maa/himabindu/results/SPAdes_output/SRR27013335_Genome_Sequencing_of_Listeria_monocytogenes_SA_outbreak_2017/contigs.fasta	NODE_12_length_97943_cov_38.551699	79923	80324	+	FosX	1-402/402	===============	0/0	100	100	card	FFFO01000009.1:81760-82162	FosX is an enzyme used to confer resistance to fosfomycin. It's dependent on the cofactor manganese (II) and uses water to generate a vicinal diol.	fosfomycin
SRR27013335_Genome_Sequencing_of_Listeria_monocytogenes_SA_outbreak_2017	/home/maa/himabindu/results/SPAdes_output/SRR27013335_Genome_Sequencing_of_Listeria_monocytogenes_SA_outbreak_2017/contigs.fasta	NODE_12_length_97943_cov_38.551699	84533	87130	+	Listeria_monocytogenes_mprF	1-2598/2598	===============	0/0	100	95.53	card	AL591981.1:8291-5693	MprF is a integral membrane protein that modifies the negatively-charged phosphatidylglycerol on the membrane surface. This confers resistance to cationic peptides that disrupt the cell membrane including defensins.	peptide
SRR27013335_Genome_Sequencing_of_Listeria_monocytogenes_SA_outbreak_2017	/home/maa/himabindu/results/SPAdes_output/SRR27013335_Genome_Sequencing_of_Listeria_monocytogenes_SA_outbreak_2017/contigs.fasta	NODE_2_length_289702_cov_45.205346	57588	58988	+	norB	1-1401/1401	===============	0/0	100	94.86	card	HE999704.1:2736181-2734780	NorB is a multidrug efflux pump in Staphylococcus aureus that confers resistance to fluoroquinolones and other structurally unrelated antibiotics like tetracycline. It shares 30% similarity with NorB and is a structural homolog of Blt of Bacillus subtilis. It is regulated by mgrA also known as NorR.	fluoroquinolone
SRR27013335_Genome_Sequencing_of_Listeria_monocytogenes_SA_outbreak_2017	/home/maa/himabindu/results/SPAdes_output/SRR27013335_Genome_Sequencing_of_Listeria_monocytogenes_SA_outbreak_2017/contigs.fasta	NODE_3_length_269711_cov_36.538311	151052	152623	-	lin	1-1572/1572	===============	0/0	100	94.66	card	CP002003.1:954744-956316	Listeria monocytogenes EGD-e lin gene for lincomycin resistance ABC-F type ribosomal protection protein complete CDS.	lincosamide
SRR27013336_Genome_Sequencing_of_Listeria_monocytogenes_SA_outbreak_2017	#FILE	SEQUENCE	START	END	STRAND	GENE	COVERAGE	COVERAGE_MAP	GAPS	%COVERAGE	%IDENTITY	DATABASE	ACCESSION	PRODUCT	RESISTANCE
SRR27013336_Genome_Sequencing_of_Listeria_monocytogenes_SA_outbreak_2017	/home/maa/himabindu/results/SPAdes_output/SRR27013336_Genome_Sequencing_of_Listeria_monocytogenes_SA_outbreak_2017/contigs.fasta	NODE_14_length_97943_cov_39.365002	79923	80324	+	FosX	1-402/402	===============	0/0	100	100	card	FFFO01000009.1:81760-82162	FosX is an enzyme used to confer resistance to fosfomycin. It's dependent on the cofactor manganese (II) and uses water to generate a vicinal diol.	fosfomycin
SRR27013336_Genome_Sequencing_of_Listeria_monocytogenes_SA_outbreak_2017	/home/maa/himabindu/results/SPAdes_output/SRR27013336_Genome_Sequencing_of_Listeria_monocytogenes_SA_outbreak_2017/contigs.fasta	NODE_14_length_97943_cov_39.365002	84533	87130	+	Listeria_monocytogenes_mprF	1-2598/2598	===============	0/0	100	95.53	card	AL591981.1:8291-5693	MprF is a integral membrane protein that modifies the negatively-charged phosphatidylglycerol on the membrane surface. This confers resistance to cationic peptides that disrupt the cell membrane including defensins.	peptide
SRR27013336_Genome_Sequencing_of_Listeria_monocytogenes_SA_outbreak_2017	/home/maa/himabindu/results/SPAdes_output/SRR27013336_Genome_Sequencing_of_Listeria_monocytogenes_SA_outbreak_2017/contigs.fasta	NODE_1_length_378102_cov_43.304510	145988	147388	+	norB	1-1401/1401	===============	0/0	100	94.86	card	HE999704.1:2736181-2734780	NorB is a multidrug efflux pump in Staphylococcus aureus that confers resistance to fluoroquinolones and other structurally unrelated antibiotics like tetracycline. It shares 30% similarity with NorB and is a structural homolog of Blt of Bacillus subtilis. It is regulated by mgrA also known as NorR.	fluoroquinolone
SRR27013336_Genome_Sequencing_of_Listeria_monocytogenes_SA_outbreak_2017	/home/maa/himabindu/results/SPAdes_output/SRR27013336_Genome_Sequencing_of_Listeria_monocytogenes_SA_outbreak_2017/contigs.fasta	NODE_2_length_303228_cov_34.107670	183798	185369	-	lin	1-1572/1572	===============	0/0	100	94.66	card	CP002003.1:954744-956316	Listeria monocytogenes EGD-e lin gene for lincomycin resistance ABC-F type ribosomal protection protein complete CDS.	lincosamide
SRR27013338_Genome_Sequencing_of_Listeria_monocytogenes_SA_outbreak_2017	#FILE	SEQUENCE	START	END	STRAND	GENE	COVERAGE	COVERAGE_MAP	GAPS	%COVERAGE	%IDENTITY	DATABASE	ACCESSION	PRODUCT	RESISTANCE
SRR27013338_Genome_Sequencing_of_Listeria_monocytogenes_SA_outbreak_2017	/home/maa/himabindu/results/SPAdes_output/SRR27013338_Genome_Sequencing_of_Listeria_monocytogenes_SA_outbreak_2017/contigs.fasta	NODE_15_length_64691_cov_35.195728	13938	15509	-	lin	1-1572/1572	===============	0/0	100	94.66	card	CP002003.1:954744-956316	Listeria monocytogenes EGD-e lin gene for lincomycin resistance ABC-F type ribosomal protection protein complete CDS.	lincosamide
SRR27013338_Genome_Sequencing_of_Listeria_monocytogenes_SA_outbreak_2017	/home/maa/himabindu/results/SPAdes_output/SRR27013338_Genome_Sequencing_of_Listeria_monocytogenes_SA_outbreak_2017/contigs.fasta	NODE_17_length_58561_cov_36.868672	10817	13414	-	Listeria_monocytogenes_mprF	1-2598/2598	===============	0/0	100	95.53	card	AL591981.1:8291-5693	MprF is a integral membrane protein that modifies the negatively-charged phosphatidylglycerol on the membrane surface. This confers resistance to cationic peptides that disrupt the cell membrane including defensins.	peptide
SRR27013338_Genome_Sequencing_of_Listeria_monocytogenes_SA_outbreak_2017	/home/maa/himabindu/results/SPAdes_output/SRR27013338_Genome_Sequencing_of_Listeria_monocytogenes_SA_outbreak_2017/contigs.fasta	NODE_17_length_58561_cov_36.868672	17623	18024	-	FosX	1-402/402	===============	0/0	100	100	card	FFFO01000009.1:81760-82162	FosX is an enzyme used to confer resistance to fosfomycin. It's dependent on the cofactor manganese (II) and uses water to generate a vicinal diol.	fosfomycin
SRR27013338_Genome_Sequencing_of_Listeria_monocytogenes_SA_outbreak_2017	/home/maa/himabindu/results/SPAdes_output/SRR27013338_Genome_Sequencing_of_Listeria_monocytogenes_SA_outbreak_2017/contigs.fasta	NODE_6_length_93737_cov_40.460378	58483	59883	+	norB	1-1401/1401	===============	0/0	100	94.86	card	HE999704.1:2736181-2734780	NorB is a multidrug efflux pump in Staphylococcus aureus that confers resistance to fluoroquinolones and other structurally unrelated antibiotics like tetracycline. It shares 30% similarity with NorB and is a structural homolog of Blt of Bacillus subtilis. It is regulated by mgrA also known as NorR.	fluoroquinolone
SRR27013339_Genome_Sequencing_of_Listeria_monocytogenes_SA_outbreak_2017	#FILE	SEQUENCE	START	END	STRAND	GENE	COVERAGE	COVERAGE_MAP	GAPS	%COVERAGE	%IDENTITY	DATABASE	ACCESSION	PRODUCT	RESISTANCE
SRR27013339_Genome_Sequencing_of_Listeria_monocytogenes_SA_outbreak_2017	/home/maa/himabindu/results/SPAdes_output/SRR27013339_Genome_Sequencing_of_Listeria_monocytogenes_SA_outbreak_2017/contigs.fasta	NODE_10_length_85338_cov_33.203859	16812	18383	-	lin	1-1572/1572	===============	0/0	100	94.66	card	CP002003.1:954744-956316	Listeria monocytogenes EGD-e lin gene for lincomycin resistance ABC-F type ribosomal protection protein complete CDS.	lincosamide
SRR27013339_Genome_Sequencing_of_Listeria_monocytogenes_SA_outbreak_2017	/home/maa/himabindu/results/SPAdes_output/SRR27013339_Genome_Sequencing_of_Listeria_monocytogenes_SA_outbreak_2017/contigs.fasta	NODE_16_length_64270_cov_30.604820	10817	13414	-	Listeria_monocytogenes_mprF	1-2598/2598	===============	0/0	100	95.53	card	AL591981.1:8291-5693	MprF is a integral membrane protein that modifies the negatively-charged phosphatidylglycerol on the membrane surface. This confers resistance to cationic peptides that disrupt the cell membrane including defensins.	peptide
SRR27013339_Genome_Sequencing_of_Listeria_monocytogenes_SA_outbreak_2017	/home/maa/himabindu/results/SPAdes_output/SRR27013339_Genome_Sequencing_of_Listeria_monocytogenes_SA_outbreak_2017/contigs.fasta	NODE_16_length_64270_cov_30.604820	17623	18024	-	FosX	1-402/402	===============	0/0	100	100	card	FFFO01000009.1:81760-82162	FosX is an enzyme used to confer resistance to fosfomycin. It's dependent on the cofactor manganese (II) and uses water to generate a vicinal diol.	fosfomycin
SRR27013339_Genome_Sequencing_of_Listeria_monocytogenes_SA_outbreak_2017	/home/maa/himabindu/results/SPAdes_output/SRR27013339_Genome_Sequencing_of_Listeria_monocytogenes_SA_outbreak_2017/contigs.fasta	NODE_1_length_266681_cov_44.755104	40880	42280	+	norB	1-1401/1401	===============	0/0	100	94.86	card	HE999704.1:2736181-2734780	NorB is a multidrug efflux pump in Staphylococcus aureus that confers resistance to fluoroquinolones and other structurally unrelated antibiotics like tetracycline. It shares 30% similarity with NorB and is a structural homolog of Blt of Bacillus subtilis. It is regulated by mgrA also known as NorR.	fluoroquinolone
SRR27013340_Genome_Sequencing_of_Listeria_monocytogenes_SA_outbreak_2017	#FILE	SEQUENCE	START	END	STRAND	GENE	COVERAGE	COVERAGE_MAP	GAPS	%COVERAGE	%IDENTITY	DATABASE	ACCESSION	PRODUCT	RESISTANCE
SRR27013340_Genome_Sequencing_of_Listeria_monocytogenes_SA_outbreak_2017	/home/maa/himabindu/results/SPAdes_output/SRR27013340_Genome_Sequencing_of_Listeria_monocytogenes_SA_outbreak_2017/contigs.fasta	NODE_14_length_65930_cov_43.189763	27968	29368	+	norB	1-1401/1401	===============	0/0	100	94.86	card	HE999704.1:2736181-2734780	NorB is a multidrug efflux pump in Staphylococcus aureus that confers resistance to fluoroquinolones and other structurally unrelated antibiotics like tetracycline. It shares 30% similarity with NorB and is a structural homolog of Blt of Bacillus subtilis. It is regulated by mgrA also known as NorR.	fluoroquinolone
SRR27013340_Genome_Sequencing_of_Listeria_monocytogenes_SA_outbreak_2017	/home/maa/himabindu/results/SPAdes_output/SRR27013340_Genome_Sequencing_of_Listeria_monocytogenes_SA_outbreak_2017/contigs.fasta	NODE_5_length_97983_cov_38.385311	10817	13414	-	Listeria_monocytogenes_mprF	1-2598/2598	===============	0/0	100	95.53	card	AL591981.1:8291-5693	MprF is a integral membrane protein that modifies the negatively-charged phosphatidylglycerol on the membrane surface. This confers resistance to cationic peptides that disrupt the cell membrane including defensins.	peptide
SRR27013340_Genome_Sequencing_of_Listeria_monocytogenes_SA_outbreak_2017	/home/maa/himabindu/results/SPAdes_output/SRR27013340_Genome_Sequencing_of_Listeria_monocytogenes_SA_outbreak_2017/contigs.fasta	NODE_5_length_97983_cov_38.385311	17623	18024	-	FosX	1-402/402	===============	0/0	100	100	card	FFFO01000009.1:81760-82162	FosX is an enzyme used to confer resistance to fosfomycin. It's dependent on the cofactor manganese (II) and uses water to generate a vicinal diol.	fosfomycin
SRR27013340_Genome_Sequencing_of_Listeria_monocytogenes_SA_outbreak_2017	/home/maa/himabindu/results/SPAdes_output/SRR27013340_Genome_Sequencing_of_Listeria_monocytogenes_SA_outbreak_2017/contigs.fasta	NODE_6_length_89786_cov_32.771077	72170	73741	-	lin	1-1572/1572	===============	0/0	100	94.66	card	CP002003.1:954744-956316	Listeria monocytogenes EGD-e lin gene for lincomycin resistance ABC-F type ribosomal protection protein complete CDS.	lincosamide
SRR27013341_Genome_Sequencing_of_Listeria_monocytogenes_SA_outbreak_2017	#FILE	SEQUENCE	START	END	STRAND	GENE	COVERAGE	COVERAGE_MAP	GAPS	%COVERAGE	%IDENTITY	DATABASE	ACCESSION	PRODUCT	RESISTANCE
SRR27013341_Genome_Sequencing_of_Listeria_monocytogenes_SA_outbreak_2017	/home/maa/himabindu/results/SPAdes_output/SRR27013341_Genome_Sequencing_of_Listeria_monocytogenes_SA_outbreak_2017/contigs.fasta	NODE_12_length_97943_cov_52.255500	10814	13411	-	Listeria_monocytogenes_mprF	1-2598/2598	===============	0/0	100	95.53	card	AL591981.1:8291-5693	MprF is a integral membrane protein that modifies the negatively-charged phosphatidylglycerol on the membrane surface. This confers resistance to cationic peptides that disrupt the cell membrane including defensins.	peptide
SRR27013341_Genome_Sequencing_of_Listeria_monocytogenes_SA_outbreak_2017	/home/maa/himabindu/results/SPAdes_output/SRR27013341_Genome_Sequencing_of_Listeria_monocytogenes_SA_outbreak_2017/contigs.fasta	NODE_12_length_97943_cov_52.255500	17620	18021	-	FosX	1-402/402	===============	0/0	100	100	card	FFFO01000009.1:81760-82162	FosX is an enzyme used to confer resistance to fosfomycin. It's dependent on the cofactor manganese (II) and uses water to generate a vicinal diol.	fosfomycin
SRR27013341_Genome_Sequencing_of_Listeria_monocytogenes_SA_outbreak_2017	/home/maa/himabindu/results/SPAdes_output/SRR27013341_Genome_Sequencing_of_Listeria_monocytogenes_SA_outbreak_2017/contigs.fasta	NODE_1_length_378102_cov_60.960870	230715	232115	-	norB	1-1401/1401	===============	0/0	100	94.86	card	HE999704.1:2736181-2734780	NorB is a multidrug efflux pump in Staphylococcus aureus that confers resistance to fluoroquinolones and other structurally unrelated antibiotics like tetracycline. It shares 30% similarity with NorB and is a structural homolog of Blt of Bacillus subtilis. It is regulated by mgrA also known as NorR.	fluoroquinolone
SRR27013341_Genome_Sequencing_of_Listeria_monocytogenes_SA_outbreak_2017	/home/maa/himabindu/results/SPAdes_output/SRR27013341_Genome_Sequencing_of_Listeria_monocytogenes_SA_outbreak_2017/contigs.fasta	NODE_4_length_243429_cov_45.285468	66888	68459	+	lin	1-1572/1572	===============	0/0	100	94.66	card	CP002003.1:954744-956316	Listeria monocytogenes EGD-e lin gene for lincomycin resistance ABC-F type ribosomal protection protein complete CDS.	lincosamide
SRR27013342_Genome_Sequencing_of_Listeria_monocytogenes_SA_outbreak_2017	#FILE	SEQUENCE	START	END	STRAND	GENE	COVERAGE	COVERAGE_MAP	GAPS	%COVERAGE	%IDENTITY	DATABASE	ACCESSION	PRODUCT	RESISTANCE
SRR27013342_Genome_Sequencing_of_Listeria_monocytogenes_SA_outbreak_2017	/home/maa/himabindu/results/SPAdes_output/SRR27013342_Genome_Sequencing_of_Listeria_monocytogenes_SA_outbreak_2017/contigs.fasta	NODE_10_length_97976_cov_44.160666	10814	13411	-	Listeria_monocytogenes_mprF	1-2598/2598	===============	0/0	100	95.53	card	AL591981.1:8291-5693	MprF is a integral membrane protein that modifies the negatively-charged phosphatidylglycerol on the membrane surface. This confers resistance to cationic peptides that disrupt the cell membrane including defensins.	peptide
SRR27013342_Genome_Sequencing_of_Listeria_monocytogenes_SA_outbreak_2017	/home/maa/himabindu/results/SPAdes_output/SRR27013342_Genome_Sequencing_of_Listeria_monocytogenes_SA_outbreak_2017/contigs.fasta	NODE_10_length_97976_cov_44.160666	17620	18021	-	FosX	1-402/402	===============	0/0	100	100	card	FFFO01000009.1:81760-82162	FosX is an enzyme used to confer resistance to fosfomycin. It's dependent on the cofactor manganese (II) and uses water to generate a vicinal diol.	fosfomycin
SRR27013342_Genome_Sequencing_of_Listeria_monocytogenes_SA_outbreak_2017	/home/maa/himabindu/results/SPAdes_output/SRR27013342_Genome_Sequencing_of_Listeria_monocytogenes_SA_outbreak_2017/contigs.fasta	NODE_3_length_285163_cov_54.237317	224328	225728	-	norB	1-1401/1401	===============	0/0	100	94.86	card	HE999704.1:2736181-2734780	NorB is a multidrug efflux pump in Staphylococcus aureus that confers resistance to fluoroquinolones and other structurally unrelated antibiotics like tetracycline. It shares 30% similarity with NorB and is a structural homolog of Blt of Bacillus subtilis. It is regulated by mgrA also known as NorR.	fluoroquinolone
SRR27013342_Genome_Sequencing_of_Listeria_monocytogenes_SA_outbreak_2017	/home/maa/himabindu/results/SPAdes_output/SRR27013342_Genome_Sequencing_of_Listeria_monocytogenes_SA_outbreak_2017/contigs.fasta	NODE_4_length_212441_cov_40.430386	143910	145481	-	lin	1-1572/1572	===============	0/0	100	94.66	card	CP002003.1:954744-956316	Listeria monocytogenes EGD-e lin gene for lincomycin resistance ABC-F type ribosomal protection protein complete CDS.	lincosamide
SRR27013343_Genome_Sequencing_of_Listeria_monocytogenes_SA_outbreak_2017	#FILE	SEQUENCE	START	END	STRAND	GENE	COVERAGE	COVERAGE_MAP	GAPS	%COVERAGE	%IDENTITY	DATABASE	ACCESSION	PRODUCT	RESISTANCE
SRR27013343_Genome_Sequencing_of_Listeria_monocytogenes_SA_outbreak_2017	/home/maa/himabindu/results/SPAdes_output/SRR27013343_Genome_Sequencing_of_Listeria_monocytogenes_SA_outbreak_2017/contigs.fasta	NODE_13_length_97976_cov_41.818578	79956	80357	+	FosX	1-402/402	===============	0/0	100	100	card	FFFO01000009.1:81760-82162	FosX is an enzyme used to confer resistance to fosfomycin. It's dependent on the cofactor manganese (II) and uses water to generate a vicinal diol.	fosfomycin
SRR27013343_Genome_Sequencing_of_Listeria_monocytogenes_SA_outbreak_2017	/home/maa/himabindu/results/SPAdes_output/SRR27013343_Genome_Sequencing_of_Listeria_monocytogenes_SA_outbreak_2017/contigs.fasta	NODE_13_length_97976_cov_41.818578	84566	87163	+	Listeria_monocytogenes_mprF	1-2598/2598	===============	0/0	100	95.53	card	AL591981.1:8291-5693	MprF is a integral membrane protein that modifies the negatively-charged phosphatidylglycerol on the membrane surface. This confers resistance to cationic peptides that disrupt the cell membrane including defensins.	peptide
SRR27013343_Genome_Sequencing_of_Listeria_monocytogenes_SA_outbreak_2017	/home/maa/himabindu/results/SPAdes_output/SRR27013343_Genome_Sequencing_of_Listeria_monocytogenes_SA_outbreak_2017/contigs.fasta	NODE_1_length_350151_cov_35.793051	184317	185888	-	lin	1-1572/1572	===============	0/0	100	94.66	card	CP002003.1:954744-956316	Listeria monocytogenes EGD-e lin gene for lincomycin resistance ABC-F type ribosomal protection protein complete CDS.	lincosamide
SRR27013343_Genome_Sequencing_of_Listeria_monocytogenes_SA_outbreak_2017	/home/maa/himabindu/results/SPAdes_output/SRR27013343_Genome_Sequencing_of_Listeria_monocytogenes_SA_outbreak_2017/contigs.fasta	NODE_4_length_291641_cov_50.850717	230715	232115	-	norB	1-1401/1401	===============	0/0	100	94.86	card	HE999704.1:2736181-2734780	NorB is a multidrug efflux pump in Staphylococcus aureus that confers resistance to fluoroquinolones and other structurally unrelated antibiotics like tetracycline. It shares 30% similarity with NorB and is a structural homolog of Blt of Bacillus subtilis. It is regulated by mgrA also known as NorR.	fluoroquinolone